City_ID,City,Lat,Lng,Max Temp,Humidity,Cloudiness,Wind Speed,Country,Date
0,wickenburg,33.9686,-112.7296,24.69,15,0,2.24,US,1715142120
1,udachny,66.4167,112.4,-0.31,98,100,10.13,RU,1715142203
2,iqaluit,63.7506,-68.5145,-6.15,86,20,6.69,CA,1715142203
3,petrovsk,52.3064,45.3917,4.52,76,100,7.99,RU,1715142203
4,belmonte,-15.8631,-38.8828,25.05,82,22,2.68,BR,1715142203
5,kismayo,-0.3582,42.5454,26.23,86,100,4.5,SO,1715142203
6,masuguru,-11.3667,38.4167,20.25,97,7,1.15,TZ,1715142204
7,port-aux-francais,-49.35,70.2167,4.9,78,54,13.43,TF,1715142204
8,invercargill,-46.4,168.35,8.34,73,99,5.81,NZ,1715142088
9,hawaiian paradise park,19.5933,-154.9731,23.26,86,100,3.09,US,1715142204
10,college,64.8569,-147.8028,11.99,50,75,0.0,US,1715142204
11,saugor,23.8333,78.7167,34.72,28,2,7.93,IN,1715142205
12,whitehorse,60.7161,-135.0538,6.43,47,75,5.14,CA,1715142205
13,keflavik,64.0049,-22.5624,3.95,87,40,3.09,IS,1715142205
14,longyearbyen,78.2186,15.6401,1.91,69,75,8.23,SJ,1715142205
15,hadibu,12.65,54.0333,28.92,74,6,1.11,YE,1715142205
16,meizhou,24.2977,116.1072,24.7,80,100,1.07,CN,1715142205
17,fort mcmurray,56.7268,-111.381,9.77,93,100,3.09,CA,1715142206
18,olonkinbyen,70.9221,-8.7187,0.35,95,100,9.2,SJ,1715142206
19,pacific grove,36.6177,-121.9166,14.66,77,0,3.13,US,1715142206
20,chernyshevskiy,63.0128,112.4714,-0.28,78,100,5.69,RU,1715142206
21,karratha,-20.7377,116.8463,30.2,43,5,6.43,AU,1715142121
22,adamstown,-25.066,-130.1015,21.94,79,92,4.62,PN,1715142207
23,itaituba,-4.2761,-55.9836,23.85,99,93,0.44,BR,1715142207
24,blackmans bay,-43.0167,147.3167,12.07,92,100,2.34,AU,1715142207
25,zarghun shahr,32.8473,68.4457,19.02,34,50,1.19,AF,1715142207
26,grytviken,-54.2811,-36.5092,-1.55,79,48,3.54,GS,1715142207
27,tiksi,71.6872,128.8694,-0.28,94,100,4.49,RU,1715142208
28,culiacan,24.7994,-107.3897,23.82,53,100,2.06,MX,1715141974
29,avarua,-21.2078,-159.775,28.03,89,100,4.12,CK,1715142208
30,aasiaat,68.7098,-52.8699,-4.72,96,100,4.35,GL,1715142208
31,launceston,-41.45,147.1667,17.41,67,100,5.66,AU,1715142208
32,lebu,-37.6167,-73.65,7.17,80,5,2.67,CL,1715142208
33,isafjordur,66.0755,-23.124,0.23,88,89,3.42,IS,1715142209
34,at taj,24.2049,23.2857,19.39,25,54,3.86,LY,1715142209
35,bredasdorp,-34.5322,20.0403,12.99,91,4,1.54,ZA,1715142209
36,twon-brass,4.3151,6.2418,27.76,80,100,2.26,NG,1715142209
37,santa sylvina,-27.8326,-61.1375,22.25,93,100,3.39,AR,1715142210
38,port-vila,-17.7338,168.3219,26.78,65,40,5.14,VU,1715142209
39,lucapa,-8.4192,20.7447,20.93,64,67,1.65,AO,1715142210
40,sitka,57.0531,-135.33,7.94,71,100,9.26,US,1715142210
41,anadyr,64.75,177.4833,-6.72,67,40,3.0,RU,1715142210
42,stanley,54.868,-1.6985,8.62,95,75,1.03,GB,1715142211
43,kapa'a,22.0752,-159.319,26.99,77,75,5.66,US,1715142211
44,edinburgh of the seven seas,-37.0676,-12.3116,16.74,92,100,18.82,SH,1715142211
45,ironwood,46.4547,-90.171,10.45,100,100,0.0,US,1715142211
46,fortuna,40.5982,-124.1573,11.48,87,0,4.63,US,1715142211
47,puerto natales,-51.7236,-72.4875,-0.14,84,100,0.68,CL,1715142212
48,west island,-12.1568,96.8225,28.99,74,40,8.75,CC,1715142212
49,san luis de la loma,17.2706,-100.8939,25.85,66,31,3.14,MX,1715142212
50,jamestown,42.097,-79.2353,17.23,81,40,3.09,US,1715141959
51,port elizabeth,-33.918,25.5701,18.94,87,0,7.2,ZA,1715142213
52,kingston,17.997,-76.7936,28.53,84,40,2.57,JM,1715142140
53,ilulissat,69.2167,-51.1,-4.99,86,100,3.6,GL,1715142213
54,mugia,43.1041,-9.2179,11.06,74,100,4.26,ES,1715142213
55,covington,39.0837,-84.5086,20.62,95,100,4.12,US,1715142213
56,ad dilam,23.9915,47.1627,26.23,46,0,4.98,SA,1715142213
57,nova sintra,14.8667,-24.7167,23.88,72,1,7.07,CV,1715142214
58,ushuaia,-54.8,-68.3,-0.19,86,0,2.57,AR,1715142214
59,moyale,3.5167,39.0584,19.59,94,73,2.48,KE,1715142214
60,sinop,41.7711,34.8709,3.24,64,0,2.6,TR,1715142214
61,puerto ayora,-0.7393,-90.3518,23.64,99,98,0.45,EC,1715142214
62,fort st. john,56.2499,-120.8529,9.94,25,20,7.2,CA,1715142159
63,marbletown,41.8834,-74.1132,15.56,69,98,1.21,US,1715142215
64,kidal,18.4411,1.4078,30.75,10,86,3.91,ML,1715142215
65,ribeira grande,38.5167,-28.7,15.99,94,38,2.24,PT,1715142215
66,fisterra,42.9049,-9.2629,10.97,75,100,3.03,ES,1715142215
67,albany,42.6001,-73.9662,14.89,63,100,1.39,US,1715141977
68,tamanrasset,22.785,5.5228,21.95,12,93,0.0,DZ,1715142216
69,suva,-18.1416,178.4415,26.71,69,40,3.6,FJ,1715142209
70,thunder bay,48.4001,-89.3168,10.99,57,100,3.6,CA,1715142216
71,dunda,-8.1167,34.25,15.6,94,100,0.57,TZ,1715142216
72,ust-nera,64.5667,143.2,3.42,91,100,2.73,RU,1715142216
73,fort bragg,35.139,-79.006,24.91,85,0,2.06,US,1715142169
74,maisi,43.0395,41.2621,8.05,97,100,0.5,GE,1715142217
75,cabo san lucas,22.8909,-109.9124,24.78,37,100,3.13,MX,1715141497
76,bethel,41.3712,-73.414,16.46,68,0,0.0,US,1715142217
77,piskivka,50.6938,29.6193,5.37,77,4,2.13,UA,1715142217
78,talnakh,69.4865,88.3972,-7.11,85,42,2.25,RU,1715142218
79,caxito,-8.5785,13.6643,22.39,98,47,0.88,AO,1715142218
80,uchiza,-8.4592,-76.4633,21.78,90,100,0.99,PE,1715142218
81,margaret river,-33.95,115.0667,22.94,40,75,3.91,AU,1715142218
82,labuan,5.2767,115.2417,30.2,79,20,2.57,MY,1715142219
83,utrik,11.2278,169.8474,27.35,81,13,9.11,MH,1715142219
84,mpulungu,-8.7623,31.1141,21.54,74,99,2.72,ZM,1715142219
85,yeppoon,-23.1333,150.7333,26.25,76,25,9.83,AU,1715142219
86,polyarnyy,69.1989,33.4478,-1.25,77,100,5.26,RU,1715142220
87,lamu,-2.2717,40.902,26.0,88,94,6.0,KE,1715142220
88,usinsk,65.9939,57.5281,-4.4,90,93,6.26,RU,1715142220
89,trujillo,-8.116,-79.03,16.98,94,100,2.57,PE,1715142221
90,zaragoza,41.6561,-0.8773,11.56,66,0,6.17,ES,1715142221
91,port alfred,-33.5906,26.891,17.88,95,99,2.24,ZA,1715142221
92,hamilton,39.1834,-84.5333,20.35,95,100,4.12,US,1715142221
93,vanino,49.0869,140.2543,9.4,60,4,3.01,RU,1715142221
94,arvayheer,46.2639,102.775,10.88,43,98,4.77,MN,1715142222
95,east london,-33.0153,27.9116,20.52,88,100,6.69,ZA,1715142222
96,mount gambier,-37.8333,140.7667,18.29,47,0,2.7,AU,1715142222
97,howard springs,-12.497,131.047,32.21,58,32,2.79,AU,1715142222
98,kourou,5.1552,-52.6478,26.03,90,99,2.88,GF,1715142223
99,sandnessjoen,66.0217,12.6316,7.06,70,75,4.12,NO,1715142223
100,waitangi,-43.9535,-176.5597,9.9,76,19,0.89,NZ,1715142223
101,akonolinga,3.7667,12.25,21.41,99,100,0.68,CM,1715142223
102,angarsk,52.5367,103.8864,16.4,29,8,5.59,RU,1715142224
103,arkhangel'sk,64.5401,40.5433,-3.82,74,75,4.0,RU,1715142224
104,grand falls-windsor,48.9332,-55.6649,6.39,92,100,1.6,CA,1715142224
105,atafu village,-8.5421,-172.5159,28.99,76,99,3.14,TK,1715142224
106,hermanus,-34.4187,19.2345,14.49,87,0,2.16,ZA,1715142224
107,altamira,-3.2033,-52.2064,23.04,94,88,0.06,BR,1715142225
108,menaka,15.9182,2.4022,29.21,54,98,4.88,ML,1715142225
109,bardai,11.65,7.2333,25.17,60,82,3.57,NG,1715142225
110,wailua homesteads,22.0669,-159.378,26.24,77,75,5.66,US,1715142225
111,ouadda,8.0777,22.4007,24.86,32,61,2.1,CF,1715142225
112,huarmey,-10.0681,-78.1522,19.42,89,55,4.71,PE,1715142225
113,manismata,-2.4667,111.0333,32.83,54,99,1.81,ID,1715142226
114,bilibino,68.0546,166.4372,1.22,80,100,0.85,RU,1715142226
115,sake,-1.5736,29.045,17.24,96,61,0.5,CD,1715142226
116,brezina,33.0989,1.2608,14.76,54,1,6.14,DZ,1715142226
117,port mathurin,-19.6833,63.4167,25.64,67,88,11.11,MU,1715142226
118,washim,20.1,77.15,32.36,36,0,1.38,IN,1715142227
119,marrakesh,31.6315,-8.0083,19.04,48,0,2.06,MA,1715142227
120,lompoc,34.6391,-120.4579,12.74,80,0,8.05,US,1715142122
121,georgetown,5.4112,100.3354,32.96,62,20,2.57,MY,1715142148
122,margate,51.3813,1.3862,11.28,84,6,0.89,GB,1715142227
123,saipan,15.1355,145.701,31.39,62,75,5.14,MP,1715142228
124,pisco,-13.7,-76.2167,19.03,88,46,1.54,PE,1715142228
125,namibe,-15.1961,12.1522,23.14,63,0,2.97,AO,1715142228
126,vorgashor,67.5833,63.95,-10.67,85,40,1.87,RU,1715142228
127,aykhal,66.0,111.5,-1.42,90,100,11.02,RU,1715142228
128,coalinga,36.1397,-120.3602,18.14,45,8,2.67,US,1715142229
129,dudinka,69.4058,86.1778,-6.85,87,48,3.58,RU,1715142229
130,banda aceh,5.5577,95.3222,29.98,70,100,1.8,ID,1715142229
131,antalaha,-14.9003,50.2788,23.95,87,81,4.64,MG,1715142229
132,reguiba,33.5639,6.7033,18.03,72,26,1.54,DZ,1715142229
133,birao,10.2849,22.7882,25.12,17,52,2.79,CF,1715142230
134,kapuskasing,49.4169,-82.4331,7.05,70,40,5.66,CA,1715142230
135,kodiak,57.79,-152.4072,4.73,87,100,0.0,US,1715141963
136,ciudad insurgentes,25.2625,-111.7753,16.08,80,75,3.72,MX,1715142230
137,lhokseumawe,5.1801,97.1507,30.83,63,100,1.28,ID,1715142230
138,tura,25.5198,90.2201,32.29,37,87,1.93,IN,1715142230
139,codrington,-38.2667,141.9667,17.81,58,8,3.96,AU,1715142231
140,papatowai,-46.5619,169.4708,6.44,76,100,7.22,NZ,1715142231
141,hasaki,35.7333,140.8333,22.22,82,100,9.49,JP,1715142231
142,darwin,-12.4611,130.8418,32.25,37,0,5.66,AU,1715142122
143,kristiansund,63.1115,7.732,7.03,81,75,2.06,NO,1715142231
144,kailua-kona,19.6406,-155.9956,25.98,90,100,4.12,US,1715142232
145,midvagur,62.0511,-7.1939,7.46,93,100,6.69,FO,1715142232
146,carnarvon,-24.8667,113.6333,25.21,27,1,0.82,AU,1715142232
147,thompson,55.7435,-97.8558,6.09,75,20,5.14,CA,1715142232
148,port-gentil,-0.7193,8.7815,25.85,87,99,3.24,GA,1715142232
149,hammerfest,70.6634,23.6821,-0.75,59,0,3.6,NO,1715142204
150,palikir - national government center,6.9248,158.1611,30.47,74,100,5.14,FM,1715142233
151,yellowknife,62.456,-114.3525,9.67,99,100,8.75,CA,1715141953
152,nanakuli,21.3906,-158.1547,25.97,64,40,6.69,US,1715142233
153,revda,56.801,59.9303,12.79,74,53,6.47,RU,1715142233
154,broken hill,-31.95,141.4333,19.48,44,12,6.08,AU,1715142233
155,yantongshan,43.2919,126.0094,20.22,28,83,3.03,CN,1715142234
156,emporia,38.4039,-96.1817,16.61,63,0,4.12,US,1715142234
157,st. john's,47.5649,-52.7093,6.66,96,100,2.06,CA,1715142234
158,uturoa,-16.7333,-151.4333,27.96,75,91,7.73,PF,1715142234
159,sarangani,5.4033,125.4636,28.42,73,65,3.93,PH,1715142234
160,punta arenas,-53.15,-70.9167,2.06,87,75,2.06,CL,1715142235
161,hithadhoo,-0.6,73.0833,28.93,78,90,5.35,MV,1715142235
162,placido de castro,-10.3353,-67.1856,24.43,87,100,0.58,BR,1715142235
163,zhezqazghan,47.7833,67.7667,18.32,59,0,8.0,KZ,1715142235
164,puerto san jose,13.9256,-90.8244,29.87,74,29,3.42,GT,1715142235
165,gaiman,-43.2897,-65.4929,6.12,61,100,8.97,AR,1715142236
166,sur,22.5667,59.5289,33.29,52,0,1.33,OM,1715142051
167,lihue,21.9789,-159.3672,26.58,71,75,5.66,US,1715142236
168,iskateley,67.6803,53.1512,-8.32,94,96,4.92,RU,1715142236
169,vadso,70.0744,29.7487,-1.51,74,20,3.09,NO,1715142237
170,opuwo,-18.0607,13.84,16.72,47,0,2.15,NA,1715142237
171,tual,-5.6667,132.75,27.87,77,100,7.09,ID,1715142237
172,ilhabela,-23.7781,-45.3581,24.17,70,2,1.9,BR,1715142237
173,lazaro cardenas,17.9583,-102.2,24.18,74,100,1.52,MX,1715142238
174,enewetak,11.3474,162.3373,27.89,79,63,8.64,MH,1715142238
175,smithers,54.7804,-127.1743,8.18,39,0,4.12,CA,1715142004
176,akjoujt,19.6969,-14.4164,27.62,13,0,3.56,MR,1715142238
177,voskresensk,55.3125,38.6636,1.32,85,12,5.81,RU,1715142238
178,aqsay,51.1678,52.995,12.59,79,100,7.67,KZ,1715142239
179,kerikeri,-35.2268,173.9474,16.68,49,6,3.19,NZ,1715142239
180,fale old settlement,-9.3852,-171.2468,29.74,73,97,4.95,TK,1715142239
181,ghat,24.9647,10.1728,26.92,23,15,3.1,LY,1715142239
182,zvezdnyy,57.7325,56.3147,11.33,73,77,6.88,RU,1715142239
183,talara,-4.5772,-81.2719,21.59,77,89,6.31,PE,1715142240
184,coahuayana de hidalgo,18.7,-103.6583,22.1,73,100,1.25,MX,1715142240
185,raduzhny,62.0961,77.475,1.31,88,100,6.71,RU,1715142240
186,constantia,44.1833,28.65,15.39,89,68,5.68,RO,1715142240
187,afaahiti,-17.75,-149.2833,26.93,79,94,6.9,PF,1715142240
188,nikolayevsk-on-amure,53.1406,140.73,8.45,41,4,1.34,RU,1715142241
189,vilyuchinsk,52.9306,158.4028,1.63,96,100,3.78,RU,1715142241
190,san patricio,28.017,-97.5169,27.13,92,88,4.63,US,1715142241
191,qaqortoq,60.7167,-46.0333,-0.26,60,97,1.05,GL,1715142241
192,papao,-17.75,-149.55,27.82,78,48,7.41,PF,1715142241
193,san mariano,7.5,126.0,34.34,42,100,2.43,PH,1715142242
194,tokuyama,34.05,131.8167,18.79,69,89,0.43,JP,1715142242
195,punta gorda,26.9298,-82.0454,26.11,89,0,3.13,US,1715142242
196,barguzin,53.6167,109.6167,11.36,31,0,4.18,RU,1715141960
197,pont rouge,48.8833,-72.0825,6.16,71,99,2.68,CA,1715142242
198,rio preto da eva,-2.6994,-59.6997,23.48,100,99,0.63,BR,1715142243
199,beni hassane,35.5672,10.8087,18.69,83,99,8.7,TN,1715142243
200,huron,41.1501,-82.5499,20.3,86,97,6.29,US,1715142243
201,mastic beach,40.7668,-72.8521,17.52,82,0,4.92,US,1715142243
202,yuto,-23.6434,-64.4719,23.02,95,2,1.65,AR,1715142243
203,tolanaro,-25.0319,46.9987,24.04,78,20,6.17,MG,1715142244
204,kencong,-8.2833,113.3667,28.48,72,5,3.17,ID,1715142244
205,la villa del rosario,10.3258,-72.3134,26.28,89,99,4.41,VE,1715142244
206,muang phonsavan,19.45,103.2167,25.5,72,23,0.97,LA,1715142244
207,usogorsk,63.4106,48.6872,-3.52,76,70,2.76,RU,1715142244
208,les cayes,18.2,-73.75,24.79,87,0,1.52,HT,1715142245
209,adam,22.3756,57.5233,32.28,51,0,2.01,OM,1715142245
210,figuig (centre),32.1089,-1.2286,17.84,30,8,2.57,MA,1715142245
211,borogontsy,62.6683,131.1683,4.66,72,100,3.91,RU,1715142245
212,zakamensk,50.3741,103.2863,14.24,26,100,1.61,RU,1715142245
213,prince rupert,54.3161,-130.3201,7.83,81,100,13.89,CA,1715142003
214,cadale,2.7603,46.3222,27.75,78,31,4.9,SO,1715142246
215,kone,-21.0595,164.8658,26.51,47,0,6.9,NC,1715142246
216,lorengau,-2.0226,147.2712,27.62,84,100,7.33,PG,1715142246
217,alaghsas,17.0187,8.0168,30.1,15,100,1.9,NE,1715142246
218,portland,45.5234,-122.6762,11.97,66,0,3.6,US,1715141555
219,kudahuvadhoo,2.6708,72.8944,28.97,78,95,5.43,MV,1715142247
220,remire-montjoly,4.9167,-52.2667,26.02,94,75,0.51,GF,1715142247
221,along,28.1667,94.7667,26.09,47,67,0.61,IN,1715142247
222,mazatlan,23.2167,-106.4167,24.39,84,100,1.34,MX,1715141997
223,bandarbeyla,9.4942,50.8122,28.92,75,34,3.44,SO,1715142248
224,tsiombe,-25.3,45.4833,19.59,89,0,2.37,MG,1715142248
225,nyandoma,61.669,40.1991,-1.46,49,78,3.52,RU,1715142248
226,aur,8.1499,171.1687,27.76,84,70,9.35,MH,1715142248
227,mizdah,31.4451,12.9801,16.94,69,27,7.87,LY,1715142248
228,flin flon,54.7682,-101.865,11.25,52,98,5.57,CA,1715142249
229,nar'yan-mar,67.6713,53.087,-8.27,94,97,4.92,RU,1715142249
230,vila velha,-20.3297,-40.2925,23.97,94,75,0.0,BR,1715142249
231,oncativo,-31.9135,-63.682,17.6,93,0,1.34,AR,1715142249
232,calabozo,8.9242,-67.4293,27.92,74,85,1.28,VE,1715142249
233,sayyan,15.1718,44.3244,17.34,59,99,2.26,YE,1715142250
234,ishigaki,24.3448,124.1572,29.07,61,75,6.17,JP,1715142250
235,san paolo di civitate,41.7383,15.2602,14.18,85,34,1.23,IT,1715142250
236,al marj,32.488,20.8317,16.56,49,47,7.69,LY,1715142250
237,ancud,-41.8697,-73.8203,7.11,71,58,2.28,CL,1715142250
238,intendente alvear,-35.2338,-63.592,14.64,83,99,3.93,AR,1715142251
239,newman,37.3138,-121.0208,18.13,50,30,4.02,US,1715142251
240,mutoko,-17.397,32.2268,10.08,81,0,1.92,ZW,1715142251
241,alofi,-19.0595,-169.9187,26.94,94,20,3.6,NU,1715142251
242,ambodifotatra,-16.9833,49.85,26.53,72,9,9.49,MG,1715142252
243,gislaved,57.3044,13.5408,5.33,72,84,1.32,SE,1715142252
244,la ronge,55.1001,-105.2842,8.14,61,75,4.12,CA,1715142252
245,den burg,53.0542,4.7972,11.65,89,75,3.09,NL,1715142252
246,susuman,62.7833,148.1667,0.55,75,84,2.24,RU,1715142252
247,mil'kovo,55.6078,37.7956,1.7,77,5,5.22,RU,1715142253
248,tabou,4.423,-7.3528,27.32,83,92,2.74,CI,1715142253
249,lerwick,60.1545,-1.1494,6.0,83,100,4.27,GB,1715142253
250,soio,-6.1349,12.3689,25.45,93,100,3.37,AO,1715142253
251,brigantine,39.4101,-74.3646,17.8,97,100,2.68,US,1715142253
252,savanna-la-mar,18.219,-78.1332,27.18,91,4,1.05,JM,1715142254
253,khuzdar,27.7384,66.6434,28.07,26,0,1.8,PK,1715142254
254,egilsstadir,65.2653,-14.3948,1.95,80,0,3.6,IS,1715142254
255,tateyama,34.9833,139.8667,22.96,60,75,2.57,JP,1715142254
256,saldanha,-33.0117,17.9442,11.03,87,0,2.21,ZA,1715142254
257,forster,-32.1667,152.5167,20.21,78,16,3.64,AU,1715142255
258,nema,57.5067,50.5011,3.96,98,100,8.24,RU,1715142255
259,helena valley southeast,46.6153,-111.9216,6.08,65,100,8.75,US,1715142255
260,daru,-9.0763,143.2092,26.58,89,100,6.23,PG,1715142255
261,druten,51.8833,5.6,11.14,87,48,2.93,NL,1715142255
262,narrabri,-30.3167,149.7833,24.18,46,26,2.24,AU,1715142256
263,okhotsk,59.3833,143.3,1.66,76,99,4.78,RU,1715142256
264,galliano,29.4422,-90.2992,27.0,83,40,3.09,US,1715142256
265,herval,-32.0236,-53.3956,20.58,93,98,2.41,BR,1715142256
266,malango,-2.9627,119.9001,27.42,71,56,1.22,ID,1715142257
267,verkhnevilyuysk,63.4453,120.3167,2.33,83,100,5.16,RU,1715142257
268,scarborough,54.2797,-0.4044,8.14,93,43,1.87,GB,1715142257
269,la passe,45.5549,-0.8967,10.79,91,0,2.89,FR,1715142257
270,noosa heads,-26.3833,153.15,23.39,61,20,9.73,AU,1715142257
271,yemetsk,63.4721,41.7941,-2.01,60,8,3.07,RU,1715142258
272,holualoa,19.6228,-155.9522,23.91,91,100,4.12,US,1715142258
273,cidreira,-30.1811,-50.2056,22.89,79,100,2.23,BR,1715142258
274,lata,40.1629,-8.3327,14.49,68,100,2.12,PT,1715142258
275,minas de marcona,-15.2119,-75.1103,13.89,91,91,5.95,PE,1715142259
276,taoudenni,22.6783,-3.9836,30.09,6,23,2.71,ML,1715142259
277,choibalsan,48.0667,114.5,16.3,16,94,9.66,MN,1715142259
278,colonia,50.9333,6.95,13.31,90,40,1.03,DE,1715142259
279,lucas,41.6501,-83.6666,20.98,90,40,3.09,US,1715142259
280,smara,26.7384,-11.6719,20.36,54,94,2.09,EH,1715142259
281,yerofey pavlovich,53.9667,121.9667,8.63,60,100,7.94,RU,1715142260
282,caluula,11.9661,50.7569,30.46,69,99,1.71,SO,1715142260
283,alabat,14.1028,122.0153,28.67,70,10,7.18,PH,1715142260
284,buala,-8.145,159.5921,29.21,79,88,3.27,SB,1715142261
285,bereznik,62.8551,42.7072,-0.51,48,6,3.11,RU,1715142261
286,moree,-29.4667,149.85,24.05,33,23,3.32,AU,1715142261
287,magdagachi,53.45,125.8,11.72,80,100,4.67,RU,1715142261
288,jaru,-10.4389,-62.4664,23.41,95,100,1.05,BR,1715142262
289,tshikapa,-6.4167,20.8,22.3,67,67,0.83,CD,1715142262
290,el granada,37.5027,-122.4694,16.88,73,0,6.17,US,1715142201
291,bavly,54.393,53.2602,12.38,84,42,8.81,RU,1715142262
292,kutum,14.2,24.6667,22.28,23,73,2.59,SD,1715142262
293,gazli,40.1333,63.45,28.78,28,100,4.5,UZ,1715142262
294,wad az zaki,14.4619,32.2065,26.44,13,65,4.85,SD,1715142263
295,vernon,50.2581,-119.2691,13.46,43,33,1.03,CA,1715142004
296,nemuro,43.3236,145.575,3.01,87,98,7.46,JP,1715142263
297,severo-yeniseyskiy,60.3725,93.0408,1.43,87,100,1.79,RU,1715142263
298,vila franca do campo,37.7167,-25.4333,18.27,99,100,3.37,PT,1715142263
299,bodaybo,57.8506,114.1933,6.11,62,100,6.21,RU,1715142264
300,megion,61.0296,76.1136,5.01,69,44,8.49,RU,1715142264
301,tambacounda,13.7539,-13.7586,29.06,29,8,4.18,SN,1715142264
302,yulinshi,38.2906,109.7494,24.99,14,74,4.54,CN,1715142264
303,las heras,-46.5419,-68.9359,-4.08,88,35,2.76,AR,1715142264
304,broome,42.2506,-75.833,15.9,66,95,1.24,US,1715142265
305,toktogul,41.8708,72.9402,19.03,50,84,0.16,KG,1715142265
306,eastham,41.8301,-69.9739,11.64,95,84,4.95,US,1715142079
307,xichang,27.8964,102.2634,18.43,77,100,1.32,CN,1715142265
308,goundi,9.3627,17.366,29.53,43,100,1.52,TD,1715142265
309,dhidhdhoo,6.8833,73.1,29.66,73,69,5.1,MV,1715142266
310,kupang,-10.1667,123.5833,35.32,49,20,7.72,ID,1715142266
311,nova vicosa,-17.8919,-39.3719,24.85,86,17,2.28,BR,1715142266
312,zeribet el oued,34.6828,6.5111,20.27,55,0,1.06,DZ,1715142266
313,ishikawa,26.4233,127.8214,27.18,61,75,3.09,JP,1715142267
314,vinh long,10.25,105.9667,32.99,45,84,3.7,VN,1715142267
315,ryotsu-minato,38.0833,138.4333,8.83,81,100,3.43,JP,1715142267
316,la'ie,21.6477,-157.9253,25.98,81,29,1.79,US,1715142267
317,petropavlovsk-kamchatsky,53.0452,158.6483,0.81,78,100,3.58,RU,1715142073
318,takedamachi,32.9667,131.4,15.05,90,82,1.87,JP,1715142267
319,luderitz,-26.6481,15.1594,16.44,85,3,8.74,NA,1715142268
320,spasskoye,44.6108,132.7969,16.14,33,2,2.81,RU,1715142268
321,visby,57.6409,18.296,3.12,70,0,3.6,SE,1715142268
322,peace river,56.2501,-117.286,14.17,22,75,7.2,CA,1715142268
323,palm coast,29.585,-81.2078,24.99,80,0,3.09,US,1715142268
324,katsuura,35.1333,140.3,23.01,74,91,3.64,JP,1715142269
325,tarancon,40.0085,-3.0073,7.9,69,89,3.76,ES,1715142269
326,sumter,28.7086,-82.0831,25.57,87,3,0.43,US,1715142269
327,emerald,-23.5333,148.1667,26.86,45,23,8.01,AU,1715141970
328,tchibanga,-2.85,11.0333,22.78,98,100,0.58,GA,1715142270
329,pundong,-7.9522,110.3486,30.36,65,47,4.16,ID,1715142270
330,barda,40.3744,47.1267,15.6,67,93,2.72,AZ,1715142270
331,acapulco de juarez,16.8634,-99.8901,25.9,73,40,2.06,MX,1715142119
332,ciudad lazaro cardenas,17.9583,-102.2,24.18,74,100,1.52,MX,1715142271
333,al fujairah city,25.1164,56.3414,33.07,43,0,3.6,AE,1715142271
334,glendive,47.1053,-104.7125,9.79,93,100,3.09,US,1715142271
335,mount pearl,47.5166,-52.7813,6.19,96,100,2.06,CA,1715142271
336,ulladulla,-35.35,150.4667,17.58,71,44,3.5,AU,1715142271
337,loyew,51.9458,30.7953,7.37,77,0,2.08,BY,1715142272
338,vavoua,7.3819,-6.4778,23.26,98,87,1.11,CI,1715142272
339,chimoio,-19.1164,33.4833,14.92,100,0,0.69,MZ,1715142272
340,gushikawa,26.3544,127.8686,26.77,61,75,3.09,JP,1715142272
341,east ballina,-28.8667,153.5833,20.15,67,100,5.63,AU,1715142272
342,sisimiut,66.9395,-53.6735,-3.3,95,100,2.99,GL,1715142273
343,barclayville,4.6797,-8.2339,25.68,91,100,1.63,LR,1715142273
344,nea alikarnassos,35.3333,25.1667,18.3,67,0,2.57,GR,1715142273
345,ulimang,7.6242,134.6421,31.23,72,53,4.06,PW,1715142273
346,mudkhed,19.1667,77.5167,31.02,37,0,3.72,IN,1715142274
347,sao tome,0.3365,6.7273,24.02,100,100,6.17,ST,1715142274
348,staroyur'yevo,53.3161,40.7081,2.25,76,57,7.62,RU,1715142274
349,cabedelo,-6.9811,-34.8339,25.37,84,92,2.76,BR,1715142274
350,pau,43.4167,-0.5833,12.36,100,100,1.54,FR,1715142274
351,guarapari,-20.6667,-40.4975,22.75,90,0,2.1,BR,1715142275
352,puerto madero,14.7208,-92.4215,28.11,78,0,0.0,MX,1715142275
353,cedeira,43.6797,-8.0209,12.76,78,99,8.77,ES,1715142275
354,miranda,3.2499,-76.2281,22.07,95,100,1.67,CO,1715142275
355,igarka,67.4667,86.5833,-3.88,92,100,5.36,RU,1715142276
356,kerema,-7.9631,145.7785,27.66,80,100,1.82,PG,1715142276
357,homer,59.6425,-151.5483,8.22,63,75,2.24,US,1715142276
358,rio cuarto,-33.1307,-64.3499,14.06,97,25,2.36,AR,1715142276
359,bamboo flat,11.7,92.7167,33.05,62,40,4.12,IN,1715142277
360,arraial do cabo,-22.9661,-42.0278,24.03,90,1,9.64,BR,1715142277
361,paso robles,35.6266,-120.691,16.67,61,0,4.12,US,1715142213
362,nantucket,41.2835,-70.0995,11.11,98,44,5.22,US,1715142277
363,shimoda,34.6667,138.95,23.39,59,98,8.17,JP,1715142278
364,loa janan,-0.583,117.095,31.21,68,30,1.21,ID,1715142278
365,matiguas,12.8373,-85.4622,25.78,76,88,1.75,NI,1715142278
366,yaren,-0.5472,166.916,29.21,70,99,3.42,NR,1715142278
367,ain sefra,32.75,-0.5833,13.32,60,7,2.92,DZ,1715142278
368,pasvalys,56.0594,24.4036,0.96,80,6,2.8,LT,1715142279
369,badger,64.8,-147.5333,11.95,49,75,0.89,US,1715142279
370,amga,60.8953,131.9608,7.16,61,100,2.82,RU,1715142279
371,pitimbu,-7.4706,-34.8086,25.33,83,73,2.89,BR,1715142279
372,siwa oasis,29.2041,25.5195,19.29,40,2,3.52,EG,1715142279
373,nelson bay,-32.7167,152.15,20.61,77,29,0.89,AU,1715142280
374,tiszaujvaros,47.9333,21.0833,12.67,80,100,3.92,HU,1715142280
375,kuqa,41.7278,82.9364,27.45,14,0,1.63,CN,1715142280
376,rio grande,-32.035,-52.0986,20.9,96,98,3.46,BR,1715142280
377,akureyri,65.6835,-18.0878,4.96,56,100,5.14,IS,1715142280
378,starozhilovo,54.2254,39.916,0.64,83,16,6.79,RU,1715142281
379,namdrik,5.5994,168.1028,27.53,83,100,5.95,MH,1715142281
380,waingapu,-9.6567,120.2641,29.79,61,4,6.42,ID,1715142281
381,rabo de peixe,37.8,-25.5833,17.77,99,75,3.09,PT,1715142281
382,tchintabaraden,15.8969,5.7985,28.98,44,98,4.18,NE,1715142282
383,san antonio de pale,-1.4014,5.6325,27.38,85,100,5.57,GQ,1715142282
384,mhamid,29.82,-5.72,24.87,11,79,1.83,MA,1715142282
385,curvelo,-18.7564,-44.4308,18.46,83,0,1.82,BR,1715142282
386,huaihua,27.5494,109.9592,23.99,71,100,1.36,CN,1715142282
387,yonggwang-up,40.0183,127.4547,18.28,50,12,4.59,KP,1715142283
388,yuzhno-kurilsk,44.0306,145.8556,2.99,95,100,10.57,RU,1715142283
389,nadym,65.5333,72.5167,-5.02,93,99,8.26,RU,1715142283
390,argostolion,38.1811,20.489,17.64,44,84,1.51,GR,1715142283
391,artesia,33.8658,-118.0831,18.77,82,0,2.57,US,1715142183
392,kangding,30.0513,101.9603,11.1,97,100,2.09,CN,1715142283
393,plouzane,48.3833,-4.6167,10.03,97,100,3.09,FR,1715142284
394,senhor do bonfim,-10.4614,-40.1894,17.52,96,72,2.17,BR,1715142284
395,ghormach,35.7306,63.7826,27.75,31,2,1.48,AF,1715142284
396,rongelap,11.1635,166.8941,27.5,78,88,8.07,MH,1715142284
397,castillos,-34.1667,-53.8333,20.09,97,96,4.29,UY,1715142284
398,alamosa,37.4695,-105.87,4.99,38,0,5.66,US,1715142285
399,trinidad,-14.8333,-64.9,25.81,80,67,2.35,BO,1715142285
400,necochea,-38.5473,-58.7368,15.19,98,99,0.52,AR,1715142285
401,puerto armuelles,8.2833,-82.8667,27.27,90,100,3.58,PA,1715142285
402,mamuju,-2.6748,118.8885,29.37,77,9,2.21,ID,1715142285
403,baniyas,35.1819,35.9487,18.16,75,0,3.21,SY,1715142286
404,cockburn town,21.4612,-71.1419,25.08,78,86,7.2,TC,1715142286
405,biloela,-24.4167,150.5,25.51,46,56,8.43,AU,1715142286
406,patong,7.8961,98.2966,32.08,69,98,3.47,TH,1715142286
407,korla,41.7597,86.1469,29.3,15,98,3.97,CN,1715142286
408,port douglas,-16.4833,145.4667,25.74,79,50,6.22,AU,1715142287
409,trincomalee,8.5711,81.2335,30.27,66,46,0.62,LK,1715142287
410,weno,7.4515,151.8468,27.97,83,100,3.6,FM,1715142287
411,puerto ayacucho,5.6639,-67.6236,24.94,95,96,1.67,VE,1715142287
412,molde,62.7375,7.1591,8.73,87,75,1.03,NO,1715142287
413,karachi,24.9056,67.0822,30.9,62,0,2.57,PK,1715142126
414,mogocha,53.7333,119.7667,8.66,61,100,6.76,RU,1715142288
415,brisas de zicatela,15.8369,-97.0419,27.21,75,100,4.21,MX,1715142288
416,black point,-34.6187,137.8972,18.12,54,20,3.36,AU,1715142288
417,mount isa,-20.7333,139.5,28.87,48,40,4.63,AU,1715142288
418,yatou,37.15,122.3833,21.15,33,1,2.36,CN,1715142289
419,astrakhan,46.3497,48.0408,15.93,41,0,4.0,RU,1715142289
420,fryazevo,55.7319,38.4628,2.82,68,24,4.81,RU,1715142289
421,peterhead,57.5058,-1.7981,9.22,92,100,6.4,GB,1715142289
422,santa marta de ortigueira,43.6833,-7.85,13.47,83,97,0.89,ES,1715142289
423,el charco,2.4769,-78.1105,24.2,99,100,1.66,CO,1715142290
424,tazovsky,67.4667,78.7,-7.15,89,42,5.76,RU,1715142290
425,susanville,40.4163,-120.653,6.06,50,35,1.79,US,1715142052
426,nikol'sk,53.7189,46.0712,1.89,87,100,7.13,RU,1715142290
427,jwaneng,-24.6004,24.7303,16.41,33,0,4.26,BW,1715142290
428,apostolove,47.66,33.7137,7.37,74,100,7.63,UA,1715142291
429,bor,56.3567,44.0669,0.96,100,100,6.33,RU,1715142291
430,flying fish cove,-10.4217,105.6791,25.82,94,75,4.12,CX,1715142291
431,moeiwadi,16.3894,104.1572,34.75,43,97,2.59,TH,1715142291
432,nueva gerona,21.8833,-82.8,27.23,77,46,1.03,CU,1715142291
433,indiantown,27.0273,-80.4856,25.55,88,0,2.49,US,1715142292
434,heroica matamoros,25.8833,-97.5,28.34,89,100,3.6,MX,1715142292
435,felipe carrillo puerto,19.5833,-88.05,24.44,98,1,1.33,MX,1715142292
436,zelenoborskiy,66.845,32.3622,-3.16,73,100,4.15,RU,1715142292
437,lagoa vermelha,-28.2086,-51.5258,18.93,78,100,4.04,BR,1715142292
438,kenai,60.5544,-151.2583,10.05,49,100,4.12,US,1715142293
439,juneau,58.3019,-134.4197,6.0,95,100,8.23,US,1715142293
440,kirensk,57.7853,108.1119,10.54,36,66,3.58,RU,1715142293
441,bodden town,19.2833,-81.25,26.66,91,1,2.81,KY,1715142293
442,guiuan,11.0333,125.7247,28.76,73,100,3.02,PH,1715142293
443,concordia,-31.393,-58.0209,23.21,98,100,0.89,AR,1715142294
444,klaksvik,62.2266,-6.589,7.51,83,100,10.69,FO,1715142294
445,orumiyeh,37.5527,45.0761,9.75,76,20,3.09,IR,1715142294
446,tadine,-21.55,167.8833,23.49,62,28,6.68,NC,1715142294
447,khovd,48.0056,91.6419,16.66,42,100,2.26,MN,1715142294
448,khash,28.2211,61.2158,25.84,19,0,1.06,IR,1715142295
449,bryne,58.7354,5.6477,9.97,94,100,4.12,NO,1715142295
450,puerto baquerizo moreno,-0.9,-89.6,23.04,94,84,3.91,EC,1715142295
451,sinabang,2.4803,96.3801,29.99,72,100,1.02,ID,1715142295
452,chunskiy,56.0815,99.6342,13.71,42,100,5.87,RU,1715142295
453,port lincoln,-34.7333,135.8667,17.6,67,98,4.16,AU,1715142296
454,tapa,59.2606,25.9586,0.5,59,55,3.24,EE,1715142296
455,archidona,37.0965,-4.3887,13.7,69,96,2.38,ES,1715142296
456,garachico,28.7781,-17.7646,18.6,77,100,4.12,ES,1715142296
457,labrador city,52.9463,-66.9114,0.1,76,100,4.12,CA,1715142296
458,cookeville,36.1628,-85.5016,23.44,93,100,3.6,US,1715142215
459,malinyi,-8.9333,36.1333,19.47,96,35,1.32,TZ,1715142297
460,i-n-salah,27.1935,2.4607,27.15,9,77,3.02,DZ,1715142297
461,piton saint-leu,-21.2196,55.3151,23.04,56,0,3.6,RE,1715142297
462,la foa,-21.7108,165.8276,23.67,61,8,7.69,NC,1715142297
463,bologoye,57.8799,34.1068,-0.86,78,63,4.7,RU,1715142298
464,itoman,26.1247,127.6694,27.21,65,20,4.12,JP,1715142298
465,bull savanna,17.8868,-77.5902,24.77,86,13,2.33,JM,1715142298
466,okha,53.5739,142.9478,2.92,58,51,4.47,RU,1715142298
467,san fernando,15.0286,120.6898,36.85,34,22,3.24,PH,1715142205
468,tralee,52.2704,-9.7026,9.12,88,100,1.77,IE,1715142299
469,sayat,38.7839,63.8803,27.93,26,100,2.59,TM,1715142299
470,gerash,27.6652,54.1371,23.08,35,1,0.71,IR,1715142299
471,ust-tsilma,65.441,52.1498,-6.33,93,94,1.79,RU,1715142299
472,kikwit,-5.041,18.8162,24.4,57,59,1.11,CD,1715142299
473,mili,6.0815,171.735,28.12,83,100,7.67,MH,1715142300
474,laishevo,55.4046,49.5504,4.71,87,100,7.74,RU,1715142300
475,praia da vitoria,38.7333,-27.0667,18.14,94,75,6.11,PT,1715142300
476,anloga,5.7947,0.8973,28.87,78,100,3.86,GH,1715142300
477,reggane,26.7158,0.1714,30.15,6,67,3.87,DZ,1715142300
478,tha bo,17.85,102.5814,36.61,53,40,1.03,TH,1715142301
479,moog,8.6011,124.4658,30.33,61,100,4.07,PH,1715142301
480,xuddur,4.1213,43.8894,24.4,85,98,5.58,SO,1715142301
481,willis,30.4249,-95.4799,25.91,89,0,3.09,US,1715142301
482,sola,-13.8833,167.55,26.98,67,100,8.51,VU,1715142302
483,nong bua,15.8646,100.5858,34.94,37,94,0.91,TH,1715142302
484,islamkot,24.6997,70.177,36.83,21,0,5.87,PK,1715142302
485,el porvenir,13.7617,-87.3458,27.63,75,7,0.45,HN,1715142303
486,ulundi,-28.3352,31.4162,17.48,32,0,2.79,ZA,1715142303
487,ovalle,-30.5983,-71.2003,12.16,69,100,2.72,CL,1715142304
488,boa vista,2.8197,-60.6733,24.99,94,40,1.03,BR,1715142304
489,mukalla,14.5425,49.1242,28.66,75,6,3.03,YE,1715142304
490,cassano d'adda,45.5236,9.514,14.21,96,96,1.22,IT,1715142304
491,chegdomyn,51.1167,133.0167,21.66,22,53,4.44,RU,1715142305
492,meadow lake,34.8014,-106.5436,19.71,11,0,6.7,US,1715142305
493,inverell,-29.7833,151.1167,24.81,53,38,1.34,AU,1715142305
494,dakhla,23.6848,-15.958,18.3,87,6,7.55,EH,1715142305
495,almodovar del rio,37.8336,-5.0167,14.49,58,20,3.6,ES,1715142305
496,hailey,43.5196,-114.3153,4.92,38,0,4.63,US,1715142305
497,santander jimenez,24.2167,-98.4667,26.31,85,100,4.14,MX,1715142306
498,ta`u,-14.2336,-169.5144,29.25,78,97,3.92,AS,1715142306
499,roccella ionica,38.322,16.4009,17.38,69,99,0.85,IT,1715142306
500,bugana,7.9992,7.5836,26.34,73,100,1.4,NG,1715142306
501,tangalle,6.024,80.7911,33.09,61,72,2.25,LK,1715142306
502,eyl,7.9803,49.8164,28.88,75,8,2.18,SO,1715142307
503,as sulayyil,20.4607,45.5779,26.14,19,3,2.8,SA,1715142307
504,olinda,-8.0089,-34.8553,24.85,100,75,2.57,BR,1715142307
505,villa la angostura,-40.7617,-71.6463,0.8,95,100,3.81,AR,1715142307
506,crane,31.3974,-102.3501,26.73,15,70,2.62,US,1715142308
507,nyurba,63.2842,118.3319,1.9,86,100,5.8,RU,1715142308
508,santiago,-33.4569,-70.6483,8.11,88,0,3.09,CL,1715141832
509,shalkar,47.8288,59.6258,18.16,43,100,9.95,KZ,1715142308
510,angaur state,6.906,134.13,28.6,75,97,4.64,PW,1715142308
511,miramichi,47.0043,-65.4654,3.49,86,10,2.4,CA,1715142308
512,pangody,65.85,74.4859,-5.28,92,96,7.63,RU,1715142309
513,n'zeto,-7.2312,12.8666,24.72,95,98,3.42,AO,1715142309
514,santa ines,-3.6667,-45.38,23.54,89,42,1.29,BR,1715142309
515,nieuw amsterdam,5.8833,-55.0833,26.09,87,100,3.59,SR,1715142309
516,kinkala,-4.3614,14.7644,22.09,93,51,0.85,CG,1715142309
517,malvan,16.0667,73.4667,29.52,68,2,3.93,IN,1715142310
518,ormara,25.2088,64.6357,27.65,78,0,2.81,PK,1715142310
519,alingsas,57.9303,12.5335,9.14,79,88,1.99,SE,1715142310
520,tarapur,19.85,72.7,29.58,65,1,3.42,IN,1715142311
521,tokar,18.4254,37.729,26.26,60,8,3.96,SD,1715142311
522,al ghayzah,16.2079,52.176,29.74,70,0,3.45,YE,1715142311
523,yung shue wan,22.2333,114.1167,28.22,78,100,3.6,HK,1715142312
524,jingzhou,30.3503,112.1903,29.54,38,98,3.46,CN,1715142312
525,middelburg,-25.7751,29.4648,11.78,31,0,2.16,ZA,1715142312
526,debre birhan,9.6833,39.5333,12.27,85,74,1.38,ET,1715142312
527,ponta delgada,37.7333,-25.6667,18.44,94,75,3.09,PT,1715142312
528,ibarreta,-25.2144,-59.8585,29.41,47,74,5.33,AR,1715142313
529,chilakalurupet,16.0833,80.1667,31.56,55,85,3.22,IN,1715142313
530,pozzallo,36.7305,14.8499,16.36,59,100,3.91,IT,1715142313
531,tofol,5.3248,163.0078,29.88,74,75,7.72,FM,1715142313
532,barika,35.389,5.3658,16.32,61,0,3.4,DZ,1715142313
533,nurota,40.5614,65.6886,29.75,23,82,3.03,UZ,1715142314
534,kalevala,65.2,31.1667,-4.95,87,99,3.13,RU,1715142314
535,chinchilla,-26.75,150.6333,23.34,55,3,1.79,AU,1715142314
536,takoradi,4.8845,-1.7554,27.09,85,98,2.49,GH,1715142314
537,ar rutbah,33.0381,40.2848,15.09,49,0,4.06,IQ,1715142314
538,kladanj,44.2264,18.6914,10.84,94,95,1.83,BA,1715142315
539,novodvinsk,64.4165,40.8122,-4.01,88,23,2.77,RU,1715142315
540,yakeshi,49.2833,120.7333,12.78,61,99,11.92,CN,1715142315
541,paris,48.8534,2.3488,10.28,89,0,3.6,FR,1715142163
542,tari,12.4086,4.4914,30.38,47,100,2.98,NG,1715142315
543,ustka,54.5805,16.8619,4.06,68,20,2.83,PL,1715142316
544,oban,56.4127,-5.4706,8.54,83,100,0.78,GB,1715142316
545,howrah,22.5892,88.3103,26.0,83,75,4.12,IN,1715142316
546,paphos,34.7667,32.4167,15.88,51,20,3.6,CY,1715142316
547,port saint john's,-31.6229,29.5448,21.44,84,14,7.65,ZA,1715142316
548,san cristobal,7.7669,-72.225,24.1,97,75,0.99,VE,1715142316
549,vapnyarka,48.5348,28.7436,6.05,70,100,5.4,UA,1715142317
550,muravlenko,63.7898,74.523,-0.25,99,100,5.67,RU,1715142317
551,vuktyl,63.8567,57.3094,-0.5,85,100,1.79,RU,1715142317
552,jalai nur,49.45,117.7,16.99,21,77,10.58,CN,1715142317
553,whangarei,-35.7317,174.3239,15.03,64,14,2.4,NZ,1715142212
554,new richmond,45.123,-92.5366,16.69,91,75,0.0,US,1715142318
555,dalnegorsk,44.5604,135.5701,16.45,95,12,0.89,RU,1715142318
556,north madison,38.7678,-85.3966,21.81,100,0,4.63,US,1715142318
557,brokopondo,4.75,-55.1667,25.2,92,98,3.87,SR,1715142318
558,lutterbach,47.7584,7.277,12.22,95,61,2.01,FR,1715142319
559,fada,9.5667,8.3,22.64,76,99,0.95,NG,1715142319
560,coxim,-18.5067,-54.76,22.52,58,10,1.68,BR,1715142319
561,viransehir,37.2353,39.7631,13.08,68,7,1.65,TR,1715142319
562,mutum,-19.8,-41.4383,19.65,91,2,1.04,BR,1715142319
563,palmer,42.1584,-72.3287,16.23,72,0,0.0,US,1715142320
564,boca chica,18.4537,-69.6111,25.26,94,20,2.06,DO,1715142320
565,teknaf,20.8624,92.3058,29.64,66,100,2.79,BD,1715142320
566,sidi bouzid,35.0382,9.4849,16.61,69,99,4.34,TN,1715142320
567,lauro de freitas,-12.8944,-38.3272,28.01,78,40,3.6,BR,1715142320
568,shima,24.4478,117.8111,30.01,75,100,1.39,CN,1715142320
569,porto novo,6.4965,2.6036,26.9,85,100,2.0,BJ,1715142321
570,oodweyne,9.4092,45.064,24.1,71,25,2.96,SO,1715142321
571,yesilova,37.5081,29.7547,5.7,44,96,0.53,TR,1715142321
572,mana,5.6592,-53.7767,26.24,84,100,4.47,GF,1715142321
573,san pedro pochutla,15.7333,-96.4667,25.58,77,84,2.6,MX,1715142322
574,kill devil hills,36.0307,-75.676,22.77,93,0,0.0,US,1715142322
575,novaya igirma,57.1334,103.9112,13.55,30,54,2.36,RU,1715142322
576,podgornoye,51.735,39.1496,5.92,81,40,7.0,RU,1715142322
577,harper,4.375,-7.7169,27.04,85,92,2.86,LR,1715142322
578,qaisumah,28.3112,46.1273,22.98,20,0,4.12,SA,1715142323
579,tokoroa,-38.2333,175.8667,14.41,51,3,0.6,NZ,1715142323
580,antsohihy,-14.8796,47.9875,25.14,67,5,4.52,MG,1715142323
